page,age,recommendation
TransactionHistory,25,1st recommendation
DemoVideos,31,1st recommendation
RepaymentEducationLoan,49,1st recommendation
TopUpRetirementAcc,56,1st recommendation
ApptService,25,2nd recommendation
ContributionHistory,31,2nd recommendation
ContactInformation,49,2nd recommendation
E-MedicalApptService,56,2nd recommendation
GIROApplicationStatus,25,3rd recommendation
ContactInformation,31,3rd recommendation
ContributionHistory,49,3rd recommendation
ApptService,56,3rd recommendation
